,Batch size,Weighing Factor,Training Time ,Train Acc, Val Acc,Test Acc,F1-Val,F1-Test
0,64,1.0,0.4428431987762451,98.78964941569282,99.24874791318865,98.89001009081736,0.0,0.0
1,64,8.84029769897461,0.46486496925354004,99.95826377295492,99.91652754590984,100.0,0.9473684210526316,1.0
2,64,88.4029769897461,0.4600656032562256,100.0,100.0,100.0,1.0,1.0
