,Batch size,Weighing Factor,Training Time ,Train Acc, Val Acc,Test Acc,F1-Val,F1-Test
0,64,1.0,0.4855649471282959,99.95826377295492,100.0,100.0,1.0,1.0
1,64,8.84029769897461,0.4364640712738037,100.0,100.0,100.0,1.0,1.0
2,64,88.4029769897461,0.46393489837646484,99.97913188647746,99.8330550918197,99.89909182643794,0.9333333333333333,0.9565217391304348
