,Batch size,Weighing Factor,Training Time ,Train Acc, Val Acc,Test Acc,F1-Val,F1-Test
0,64,1.0,0.5377540588378906,99.93739565943238,100.0,99.79818365287588,1.0,0.9166666666666666
1,64,10.0,0.5288209915161133,99.93739565943238,99.91652754590984,99.79818365287588,0.9743589743589743,0.9166666666666666
2,64,88.40298461914062,0.5189847946166992,99.95826377295492,99.91652754590984,99.79818365287588,0.9743589743589743,0.9166666666666666
