,Batch size,Weighing Factor,Training Time ,Train Acc, Val Acc,Test Acc,F1-Val,F1-Test
0,64,1.0,0.4525108337402344,99.83133038161502,100.0,100.0,1e-06,1.0
1,64,98.71665954589844,0.3896300792694092,100.0,100.0,100.0,1e-06,1.0
2,64,987.1666259765625,0.41461992263793945,99.87349778621126,100.0,99.8980632008155,1e-06,0.0
