,N,Batch size,Train Time ,Train Acc, Val Acc,Test Acc,F1-Val,F1-Test
0,100,64,0.4116199016571045,100.0,100.0,98.2033096926714,1.0,0.9829749103942653
1,250,64,0.4027118682861328,100.0,100.0,98.39243498817967,1.0,0.98479427549195
2,500,64,0.39083075523376465,99.97893850042124,100.0,96.87943262411348,1.0,0.97005444646098
3,750,64,0.3807690143585205,100.0,100.0,94.56264775413712,1.0,0.9466357308584687
4,1000,64,0.37311792373657227,100.0,100.0,93.90070921985816,1.0,0.9397477814105558
5,1250,64,0.4405040740966797,99.91564740615775,99.91568296795953,46.335697399527184,0.0,0.0
6,1500,64,0.3735201358795166,100.0,99.91568296795953,55.082742316784866,0.0,0.2803030303030303
7,1750,64,0.377439022064209,99.957805907173,99.91568296795953,46.335697399527184,0.0,0.0
8,2000,64,0.38141489028930664,99.957805907173,99.91568296795953,46.335697399527184,0.0,0.0
